{
  "version": 1,
  "author": "Adam Damara",
  "editor": "wokwi",
  "parts": [
    { "type": "board-esp32-devkit-c-v4", "id": "esp", "top": -38.4, "left": -4.76, "attrs": {} },
    {
      "type": "wokwi-dht22",
      "id": "dht1",
      "top": -28.5,
      "left": 148.2,
      "attrs": { "temperature": "43", "humidity": "74.5" }
    },
    { "type": "wokwi-servo", "id": "servo1", "top": 7.6, "left": 230.4, "attrs": {} },
    {
      "type": "wokwi-lcd1602",
      "id": "lcd1",
      "top": -118.4,
      "left": 236,
      "attrs": { "pins": "i2c" }
    }
  ],
  "connections": [
    [ "esp:TX", "$serialMonitor:RX", "", [] ],
    [ "esp:RX", "$serialMonitor:TX", "", [] ],
    [ "dht1:SDA", "esp:15", "green", [ "v0" ] ],
    [ "dht1:VCC", "esp:5V", "red", [ "v96", "h-172.8", "v-19.2" ] ],
    [ "dht1:GND", "esp:GND.2", "black", [ "v19.2", "h-76.8", "v-105.6" ] ],
    [ "servo1:PWM", "esp:18", "orange", [ "h-9.6", "v77", "h-86.4", "v-105.6" ] ],
    [ "servo1:V+", "esp:5V", "red", [ "h-19.2", "v124.9", "h-230.4", "v-28.8" ] ],
    [ "servo1:GND", "esp:GND.2", "black", [ "h-19.2", "v-96", "h-76.8", "v28.8" ] ],
    [ "lcd1:SCL", "esp:22", "green", [ "h-115.2", "v77.1" ] ],
    [ "lcd1:SDA", "esp:21", "green", [ "h-96", "v0.2" ] ],
    [ "lcd1:GND", "esp:GND.2", "black", [ "h-134.4", "v28.8" ] ],
    [ "lcd1:VCC", "esp:5V", "red", [ "h-259.2", "v38.5" ] ]
  ],
  "dependencies": {}
}